01.mp3,3
02.mp3,5
03.mp3,3
04.mp3,3
05.mp3,5
06.mp3,3
07.mp3,3
08.mp3,5
09.mp3,3
10.mp3,3
11.mp3,5
12.mp3,3
13.mp3,4
14.mp3,1
15.mp3,3
16.mp3,1
17.mp3,3
18.mp3,3
19.mp3,4
20.mp3,3
21.mp3,1
22.mp3,1
23.mp3,1
24.mp3,4
25.mp3,2
26.mp3,3
27.mp3,3
28.mp3,5
29.mp3,3
30.mp3,4
31.mp3,2
32.mp3,3
33.mp3,4
34.mp3,3
35.mp3,2
36.mp3,2
37.mp3,2
38.mp3,4
39.mp3,2
40.mp3,2
41.mp3,4
42.mp3,5
43.mp3,4
44.mp3,2
45.mp3,2
46.mp3,4
47.mp3,2
48.mp3,2
49.mp3,4
50.mp3,4
51.mp3,4
52.mp3,4
53.mp3,2
54.mp3,5
55.mp3,5
56.mp3,2
57.mp3,5
58.mp3,5
59.mp3,5
60.mp3,3
61.mp3,5
62.mp3,5
63.mp3,5
64.mp3,2
65.mp3,2
66.mp3,3
67.mp3,2
68.mp3,3
69.mp3,4
70.mp3,2
71.mp3,4
72.mp3,2
73.mp3,4
74.mp3,2
75.mp3,2
76.mp3,2
77.mp3,2
78.mp3,2
79.mp3,4
80.mp3,5
81.mp3,4
82.mp3,2
83.mp3,5
84.mp3,2
85.mp3,4
86.mp3,5
87.mp3,5
88.mp3,4
89.mp3,5
90.mp3,4
91.mp3,5
92.mp3,4
93.mp3,5
94.mp3,2
95.mp3,5
96.mp3,2
97.mp3,3
98.mp3,3
99.mp3,3
100.mp3,2
101.mp3,3
102.mp3,3
103.mp3,3
104.mp3,5
105.mp3,4
106.mp3,4
107.mp3,2
108.mp3,2
109.mp3,1
110.mp3,4
111.mp3,3
112.mp3,3
113.mp3,3
114.mp3,3
115.mp3,3
116.mp3,3
117.mp3,2
118.mp3,1
119.mp3,3
120.mp3,3
121.mp3,3
122.mp3,3
123.mp3,3
124.mp3,2
